<?xml version='1.0'?>
<XML_DATA>
	<Header>
		<Version>1.0</Version>
		<TransactionType>Cancellation</TransactionType>
		<TransactionId>2011010100001</TransactionId>
		<ErrorCode>0</ErrorCode>
		<ErrorMessage>OK</ErrorMessage>
	</Header>
	<Segment>
		<PolicyIn>
		    <PolicyNumber>AAA000001</PolicyNumber>
			<TransactionApplDate>2012-08-01 15:00:00</TransactionApplDate>
		</PolicyIn>
		<PolicyOut>
			<TotalPremium>98.00</TotalPremium>
			<PolicyStage>Cancelled</PolicyStage>
		</PolicyOut>
	</Segment>
</XML_DATA>
